"","logFC","logCPM","PValue","FDR"
"USH2A",3.77419808553166,0.566743043062527,4.78174186314341e-55,6.1113125692848e-51
"AIRE",5.39205501134151,1.21599814491243,7.05083653796919e-55,6.1113125692848e-51
"CCER2",4.13086140832742,2.19336044706127,3.31577735158701e-53,1.9159666796587e-49
"POU4F3",4.52710280058891,-0.629850563583211,6.31887366921412e-53,2.43648305145138e-49
"NHLH1",3.44282151728006,0.307581741087241,7.02764075988285e-53,2.43648305145138e-49
"KCNH6",5.70569271543566,1.82789644672718,2.94432065884496e-50,8.50663310351289e-47
"MYBPH",5.86643121675075,1.78820974153049,1.47822769854921e-46,3.66072530776436e-43
"S100A3",3.38205427460787,4.8199051172604,1.07182853115918e-43,2.32251844845554e-40
"SLC39A5",3.0867021089045,0.851324064136929,1.06767319845771e-37,2.05645721058492e-34
"KRT38",6.41972674920858,0.729806814261265,3.03049087806297e-36,5.25335593712217e-33
"SLC26A3",3.50663249648652,-1.37973097216954,3.35883828262234e-34,5.29322378447803e-31
"KRT85",4.85316340673625,-0.697323005809817,8.24595055811678e-33,1.09956579173042e-29
"IBSP",2.88706673646199,1.7273227884567,1.07889507858487e-32,1.33590329909062e-29
"INSRR",3.59296176388147,-0.217748635184137,1.31552445672243e-32,1.52030776381888e-29
"KRT72",3.77029382139408,-0.833578020478478,3.05131228153829e-31,3.30590615002914e-28
"KRT84",4.62283797080986,0.00421989294258921,2.12248411720433e-30,2.16430953951394e-27
"COL2A1",3.45371942001058,2.21087913506556,4.87453860132404e-30,4.69445148077513e-27
"CHRND",4.7954894641871,-1.3740089783027,1.0124914301651e-28,9.23765207469055e-26
"LEFTY1",2.85430254262666,-0.740867298210454,1.4505664476297e-28,1.25727846848304e-25
"CDH17",3.42884684338973,2.43276796415273,2.69449527009407e-28,2.22424169081336e-25
"FOXI1",4.84143008392291,2.32075103175731,3.56881393667914e-28,2.81206316328786e-25
"NTSR1",3.54789954278909,0.895103509698865,2.96466367683389e-27,2.14135186824648e-24
"KRTAP3-2",4.77759258380913,-2.39384194220415,3.6549077835313e-27,2.5343130571006e-24
"KRTAP3-1",5.02495062787181,0.805473741711038,5.4381225003656e-27,3.62576359783991e-24
"MUC17",5.7552813464252,2.06849896902909,6.97206397710068e-27,4.47632329789038e-24
"KRTAP3-3",7.56059967072762,-0.576879866583114,3.21777122424259e-26,1.99214514900876e-23
"KRTAP17-1",4.16228652319421,-2.73002602183695,6.62225877348166e-26,3.95851227028637e-23
"BMX",2.16439712612731,1.30373436773998,1.45653575096877e-25,8.41634908101456e-23
"TCAP",1.84715171762,1.89892211735652,1.58776681025203e-25,8.87868956636093e-23
"LHX3",4.93874603789482,-0.433960349430724,1.73167522998763e-25,9.38080940994864e-23
"ENTPD8",2.71154884449578,1.58938145247091,9.61778224265394e-25,5.05225015686079e-22
"SLC12A3",2.78893745017384,1.03338749717563,1.65999083203421e-24,8.46351208038618e-22
"CYP26B1",1.89234248796719,3.13543816808675,3.8158165761362e-23,1.88991943849489e-20
"ENPP1",1.97432979120635,3.09626258732515,5.10043529033465e-23,2.4560012710542e-20
"KRT36",2.36776507497415,-1.24820089590477,8.39471774715168e-23,3.93303870667228e-20
"BSND",3.47241766140556,-1.7735744297498,1.09305224398945e-22,4.98633174988347e-20
"NTS",3.17536976978048,3.44363486748405,1.35490669171952e-22,6.02238653870714e-20
"MYO15A",1.68318772970683,1.38935534684212,1.43691670532395e-22,6.22723777169768e-20
"ARHGAP36",4.09461344569321,-1.08346286638431,1.58959160792326e-22,6.7208708593536e-20
"NOTUM",3.109589301135,5.21206468521555,1.82840056250642e-22,7.54650565501163e-20
"VIP",2.33675460159364,-0.401535447293861,2.80066345436764e-22,1.12905816235961e-19
"OCSTAMP",3.36884033174555,-2.64159085495122,4.47293520157321e-22,1.76223481180163e-19
"KIF19",2.06873108135333,0.703569377057104,6.08682660125334e-22,2.34478086961615e-19
"FRMD1",3.5853847860285,-1.17959241672075,6.70950475635964e-22,2.52846228155423e-19
"FGF8",3.17050219604968,0.293363304053678,7.24929768009247e-22,2.67375692094474e-19
"STAC2",2.49448442592064,0.195055530652211,9.58619090920165e-22,3.46201290439606e-19
"ANKS4B",3.17607308678863,-1.37148931429388,1.19856858614066e-21,4.24024213076497e-19
"KRT40",2.84810433930363,0.062530181968315,1.92772199419077e-21,6.55236485672491e-19
"PAX2",3.23767874755011,-1.70943886969197,1.99576109845773e-21,6.65317666187783e-19
"KRTAP1-5",2.79719542510711,-1.39265037642581,2.3253105086439e-21,7.60552031459284e-19
"CALHM1",2.45689526518366,-1.10029900316968,2.6141308963391e-21,8.39184427556266e-19
"KRTAP11-1",6.09906605709365,-0.858858164236468,2.89544887727144e-21,9.12592841590916e-19
"KRTAP19-1",5.26928721671449,-0.954042368282815,5.47610435096847e-21,1.69514765935783e-18
"ATP2B3",2.70347261141258,-1.6778946941414,6.1509577934476e-21,1.87064654998972e-18
"AMBN",5.16731567089505,-1.04810713836618,8.00368004089987e-21,2.39213437084481e-18
"ABCG2",1.84055185239799,3.34963680796601,8.50483896862881e-21,2.49883700883357e-18
"ST8SIA5",2.03008598335777,-0.703426328227472,1.14641550219618e-20,3.31218545509514e-18
"GPR83",2.22810214966464,-0.11241296291997,1.63058959763256e-20,4.63381486474761e-18
"DRGX",4.06152067412367,0.0407892700856718,2.07325291655417e-20,5.79674827555912e-18
"KRTAP1-3",4.95474714263006,-2.60142898573026,2.36404888202707e-20,6.50488688411735e-18
"KCNK12",2.06113835929,0.0477144107857619,4.81957394998827e-20,1.30542678786011e-17
"BRS3",2.51976677614058,-2.57645920719519,6.43409958528183e-20,1.71592486632093e-17
"DCC",1.88744611812494,-1.22748178519475,8.43284675030661e-20,2.21489997600856e-17
"CLEC18C",2.63670817910489,-1.70864666420792,9.44467490473477e-20,2.44363342497876e-17
"ISX",3.78698690425514,-1.90465016849244,1.12487521447836e-19,2.86760468279154e-17
"PRSS56",5.4491665839488,3.23795685064326,2.1719977086973e-19,5.45675076525619e-17
"KIF25",2.02781478056654,-1.56857309477688,2.24682353045809e-19,5.56409798578442e-17
"HES6",1.50098956871359,3.92043698049952,2.62736901934546e-19,6.41485097892303e-17
"NPPB",3.72864334335658,-0.697905902459082,3.59133782532852e-19,8.64664461139861e-17
"KCNA1",3.41311370589018,-1.04170792017524,4.08468367150884e-19,9.69972485556243e-17
"MMP9",2.19603507141449,7.0441104354064,6.33377973294668e-19,1.48373069825177e-16
"VIL1",3.08342288721113,1.32215882738404,6.58116266308653e-19,1.52112606352807e-16
"FREM3",1.87319508267729,-2.81223066010263,7.29549654729479e-19,1.66404516641257e-16
"C1orf94",3.29416113649764,-3.15296552708861,8.28409005754797e-19,1.86499611879992e-16
"MCHR2",3.24379532727813,-2.46673315001759,8.94538591844473e-19,1.98805467815692e-16
"TUBB2B",2.19751169886272,3.63686029132952,1.06091709982947e-18,2.32797442095491e-16
"ATOH1",5.15136410001328,0.216556207505424,1.10833942028332e-18,2.40163298132642e-16
"WIF1",3.67908913983005,2.3750598322186,1.53607981204175e-18,3.24731018801753e-16
"BAAT",2.94748655961754,0.479378704715986,2.24672552903566e-18,4.69240807781123e-16
"SORCS3",3.23214598186408,-3.25219309460057,2.74097223377438e-18,5.65651829434272e-16
"ODF1",4.20361189535363,-3.14011444832144,3.0446843709221e-18,6.13716320580634e-16
"CLEC18A",1.72557485650828,-1.00580169728771,3.24936870849317e-18,6.47446052433667e-16
"PCK1",3.1860265402999,1.1085474734588,3.52522930471048e-18,6.94430113604047e-16
"CLEC18B",1.67838687491455,-0.560102619064884,5.54073343701207e-18,1.07919791157982e-15
"HEPACAM2",2.98888222563201,1.34560499064876,8.28983382815142e-18,1.57916779572533e-15
"NEUROG1",4.26896718614191,-3.46218251916252,1.85018090692352e-17,3.48618326320862e-15
"CLCNKB",1.72667432826063,-0.538596414756303,2.16769356783735e-17,4.04053419338285e-15
"TNN",2.06905283597309,1.11736649343739,2.44700997883125e-17,4.4651492613726e-15
"DRAXIN",1.49017755536791,1.09549744672543,2.58897718848418e-17,4.67499162108054e-15
"ENDOU",1.97604500525144,-0.0283509909072609,2.82295057779912e-17,5.04493281094307e-15
"SPHKAP",4.02044003478734,-1.80010054930994,2.98253772038504e-17,5.27574401866069e-15
"DNAH9",2.06248818763773,-0.91231776338405,3.19475813295709e-17,5.59405376109203e-15
"FGF23",3.30775246232943,-3.09553546748666,3.72856531250397e-17,6.46346796922563e-15
"IFITM5",2.72953656636964,-2.19406147726497,4.12688243872249e-17,7.08311951240142e-15
"KRT32",2.50684194682044,-1.995612187983,5.61947195077212e-17,9.55034767319948e-15
"MMP24",1.412979694531,1.33192098187766,5.95611959223771e-17,1.00242071001399e-14
"ALX4",2.30489045072229,-1.5812113001945,1.17768458239326e-16,1.94430116531307e-14
"HSPA6",1.42039489482965,4.47940857876641,1.38788694516839e-16,2.24850656023308e-14
"DSC1",2.37908496681242,0.678894939904833,1.5253116157217e-16,2.44826637579034e-14
"GFY",2.40504269633296,-0.758092935275757,2.10870977095693e-16,3.32313489813985e-14
"SLC5A11",1.7163594653799,-0.833007770485926,2.68540537499997e-16,4.19382902483104e-14
"PADI4",1.92189980306185,-0.0217214363103584,2.97991987985632e-16,4.61222420690262e-14
"NEUROD1",4.13738117065422,-1.55543977520258,3.40768940933768e-16,5.18178034305866e-14
"CACNA1G",1.47256253881591,-0.171883753630138,3.62697711256017e-16,5.46727376054178e-14
"SPINT3",3.93925111543115,-2.36601917398825,3.75454177143912e-16,5.61077427654286e-14
"UGT2A1",2.90636093854059,-1.70885322210757,4.14017214610892e-16,6.08219357227102e-14
"SLC17A7",1.42594449845335,0.384112787403806,5.08609452817774e-16,7.34728738716343e-14
"MEGF10",1.83965577355746,0.437158433985103,7.47510004332473e-16,1.07091619215731e-13
"INSM1",3.15384759165016,2.15732061889734,8.68300360605202e-16,1.23376940582715e-13
"KRTAP13-2",5.10630529685112,-1.33725141917709,8.88757404031756e-16,1.25256988608866e-13
"PTGDR2",1.84002375412856,0.697977441722209,9.0610038590146e-16,1.26671372496789e-13
"CYP26A1",2.19055131285663,0.402775407337856,1.60706559107273e-15,2.22867856169966e-13
"SPSB4",2.06739744564423,-0.016526184993732,1.66958910867332e-15,2.29701009514698e-13
"KCNH2",1.70410019611176,2.87354261557434,2.26310344526032e-15,3.08904710421951e-13
"CYTL1",1.48755527112744,0.815120098837437,2.31851447848032e-15,3.13995691284815e-13
"NLRP12",1.41509122437092,-1.1296418457986,2.40808025175548e-15,3.23597450885125e-13
"SP7",2.52904455943324,-2.32142253716962,2.46535683575386e-15,3.28745851906101e-13
"GALNT9",2.10763071777381,-1.40108038386139,2.62386024401571e-15,3.47210819313071e-13
"NDST4",2.70474945742223,-1.0931927217731,2.93037767323243e-15,3.84834067920334e-13
"FZD9",1.57838813167317,-0.143077269727477,2.99611308380552e-15,3.90508423366681e-13
"ADCY8",2.58446113693719,-2.80080353429217,3.17268936828201e-15,4.10437091038572e-13
"TMEM155",1.60685904622829,-1.15734779282565,3.3317515449073e-15,4.2782157800717e-13
"SEZ6",2.24627257222509,-0.363464929471813,3.50827265089658e-15,4.43911725571476e-13
"SOX14",4.81565079383458,0.759466955583933,3.55153173522678e-15,4.4612900456635e-13
"IL37",1.96052842865984,-0.694411097643624,4.39183132038709e-15,5.47715078697196e-13
"SKOR1",1.22134532931831,-0.161785067139499,6.52407345401101e-15,8.02090874647382e-13
"PCDH15",2.03546419250528,-1.17900608338354,1.20398293561224e-14,1.46979184428438e-12
"KCNMB2",1.41202872685906,-1.64126015980122,1.38647716932669e-14,1.68073998113834e-12
"SP9",2.70289467574791,-2.23989475523457,2.12321385014153e-14,2.53833876497954e-12
"C11orf87",2.92219103490514,0.511625632317795,2.32511946481365e-14,2.76068122757155e-12
"F7",1.78937147264274,-1.73167680303966,3.09999661166489e-14,3.6556762764089e-12
"RBM24",1.54078690370695,0.628510358815896,3.29364852646056e-14,3.85779710852661e-12
"CAMK2B",1.62423437166837,1.0684629417901,3.36035153580051e-14,3.89193547060542e-12
"GPC3",1.79915548718437,5.16983972376467,3.55198927999214e-14,4.07773073964661e-12
"HNF4A",2.17211624830223,1.33572742597717,4.45235385072702e-14,5.07773381594427e-12
"UNC5D",2.94872226088094,-1.18596198905506,5.76820125727771e-14,6.53540972515746e-12
"KLHDC8A",1.33730162453536,0.109970850929025,5.91336236460145e-14,6.65637250586793e-12
"KRT10",1.18427739749794,6.99715106804469,6.1313547484909e-14,6.8572280364574e-12
"GSG1L",2.10852389346211,-1.95894145938516,7.44241355031721e-14,8.2174674455254e-12
"ASIC2",2.10804325434573,-1.67366389112234,8.79104838402452e-14,9.64511542639653e-12
"SNCB",1.82424721401849,-2.27446363050614,1.00328681228807e-13,1.08699855568835e-11
"AKNAD1",1.98364280213769,0.236497400045234,1.05432214380994e-13,1.13519716540033e-11
"MSX1",1.22587630035117,2.75849905957099,1.19255644779448e-13,1.26828012408082e-11
"GDF5",1.87395580904592,-1.28900506250191,1.20340192189115e-13,1.27201050707214e-11
"PEX5L",1.82440669562335,-0.614035534001337,1.21874607236451e-13,1.28042200996598e-11
"IGFL2",2.11075608229244,2.7903464976727,1.31802731027731e-13,1.37638574841308e-11
"CNMD",2.6269766934355,-2.41290511131171,1.44791299880237e-13,1.48807969093644e-11
"CALCB",1.97555522546488,-1.03232534059754,1.4507382046049e-13,1.48807969093644e-11
"MAB21L1",1.75934817705745,0.35172546019787,1.54242715346816e-13,1.57282204149239e-11
"BTNL3",2.88088873708964,-1.14189688883569,1.55478770622158e-13,1.57615467177492e-11
"MYO1A",1.7088982551101,-0.150930040029495,2.47543832305405e-13,2.4689800450674e-11
"SUGCT",1.29906907143781,2.33386328093568,2.86460246621476e-13,2.82147066771778e-11
"SPINK5",1.47070075112362,4.41019311142686,2.91745251287683e-13,2.85729035653785e-11
"DLK1",4.23498361915262,4.2444537814841,3.66468117089819e-13,3.56894652233259e-11
"KRTAP4-9",3.62192835722393,-3.38271026465809,3.6918548123967e-13,3.57532419960317e-11
"DAO",1.87375431932613,-3.24248613064854,5.64398239135672e-13,5.43546859745382e-11
"SPIC",2.90158329869977,-2.43894776746262,5.96282658361932e-13,5.71080656502988e-11
"HAO2",1.8782369875429,-2.8753747475398,8.84421243645422e-13,8.33230557532249e-11
"HCN1",2.80658330115453,-2.81311210253512,9.43816812825546e-13,8.84381862180045e-11
"HTN3",3.87102197338594,-3.05334806790746,1.03195823737247e-12,9.61773980906006e-11
"LCT",1.51115452213559,-2.50886693645256,1.30861772342535e-12,1.20664299125417e-10
"FAM159B",1.39022094844468,-2.72602958508612,1.40988674851936e-12,1.29314215796736e-10
"PYDC1",2.33012284003392,-1.89144303217673,1.44277421430621e-12,1.31634163184201e-10
"OR3A2",2.52110765128298,-3.82961794902644,1.51587275825716e-12,1.37579341698366e-10
"EYS",1.07134334351134,0.101515027515796,1.5365354975568e-12,1.3872834817785e-10
"STXBP5L",1.77576380740848,0.0647542353812234,1.69213666226078e-12,1.5198543544192e-10
"BARHL1",2.52753960708184,-2.72480182962171,1.78490595673299e-12,1.59491467834879e-10
"ATRNL1",1.41402981762473,-0.106449400674823,1.88263773302435e-12,1.67361667189626e-10
"KRT39",2.31158782904081,-0.945667449520523,2.0371224760842e-12,1.80171010831222e-10
"CRNN",3.30146482917448,1.29587681494977,2.44729348108384e-12,2.14261780275699e-10
"SLC35D3",2.05098123147079,-0.605713095349575,2.6542309305283e-12,2.31211523521147e-10
"HAP1",1.34371761199343,2.26661987215956,2.67290351385503e-12,2.31673912063385e-10
"DCSTAMP",1.78540890015121,-0.758523266758773,2.72286815636705e-12,2.34830445226979e-10
"C11orf16",1.35704607922839,-2.17052162039176,3.06454640564985e-12,2.61694147497242e-10
"CDH9",2.93216376952356,-2.50879506990245,3.26846991037251e-12,2.77739832825037e-10
"KRT31",2.55066609037859,2.75176993300091,3.53330246562876e-12,2.98779503617924e-10
"F2RL2",1.4128721948887,1.79756114894527,3.64077324897605e-12,3.06372836266989e-10
"UCHL1",1.54222225205496,5.1537765784409,4.64744176066419e-12,3.88328604324466e-10
"EMILIN3",1.25523521375629,-0.139772728857351,4.65949522350671e-12,3.88328604324466e-10
"CDX1",1.66454737351983,0.260120595511212,4.95638502426664e-12,4.11095379883551e-10
"TRIML1",2.75735986735738,-1.62400844873679,6.2514445427431e-12,5.16041862611674e-10
"MRGPRX3",2.68294164350539,-0.706953188059697,6.78833421525448e-12,5.57705088253253e-10
"HTN1",3.3927252850671,-3.38087652562043,7.777981038447e-12,6.35996704252258e-10
"CADPS",1.46730842344375,-0.343152313177853,8.42051290170461e-12,6.85303244840608e-10
"PHOX2B",2.87306021818408,-3.32881230287475,8.98719184040389e-12,7.28004535296269e-10
"CHRNA1",1.3057277054475,0.163735167851235,9.32891691013404e-12,7.52171044824063e-10
"ADRA1B",1.57817428474111,-0.79112272766068,9.65327775225969e-12,7.74720230719545e-10
"PPM1E",1.15285541972233,0.0353439882165024,1.00269559239952e-11,8.00774097007485e-10
"CEACAM7",2.37668253758073,4.54663551265934,1.00703059214094e-11,8.00774097007485e-10
"EFHD1",1.22372582435654,3.37289236405444,1.13422965528425e-11,8.93721412470563e-10
"KCNJ18",2.81480028835342,-1.12372722477348,1.46357745543848e-11,1.14801426199213e-09
"SYCP1",2.64279035314001,-3.11610271393705,1.53222266401711e-11,1.19644503967282e-09
"CITED1",1.16453856566114,-0.589543574235644,1.74386357431485e-11,1.35559977850887e-09
"GUCA1A",1.73000320860947,-0.617728689583527,1.95197773022683e-11,1.51060419435188e-09
"LRRC19",1.5203263706867,-1.43539940676422,1.99695923597762e-11,1.53854614914098e-09
"SYN2",1.42466464759503,2.04685259681428,2.21316454319295e-11,1.69757554673672e-09
"ATP2B2",1.43283007623807,-1.47700746117313,2.52535265306413e-11,1.91165887514702e-09
"CACNA1B",1.9174907052772,0.14737749857617,2.88420544358403e-11,2.16440265647312e-09
"COL23A1",1.06653697412188,1.06931378011587,4.31807220056773e-11,3.18526730199326e-09
"COL20A1",1.72267963340504,-2.51572503296545,5.16182889279316e-11,3.77528739730252e-09
"HHIPL2",1.53219086706817,0.0375605573620165,5.18326161267955e-11,3.77528739730252e-09
"FMR1NB",1.85903204966963,-3.11227771062189,5.76877254850767e-11,4.18417038194061e-09
"GABRA2",1.88842581689752,-2.14891124023004,5.87348175393693e-11,4.24236692518736e-09
"KRT34",2.12556196510346,0.83855314211397,7.00117643554009e-11,5.03590844440197e-09
"MYOD1",2.67050875062815,-3.02486126943325,9.82333151779676e-11,6.97899392872979e-09
"ALK",1.65830845082585,-0.526503078022112,1.01594215869357e-10,7.18830911059305e-09
"ELAVL4",1.52305491579133,-0.782303994467821,1.03134639992728e-10,7.25228594605013e-09
"ALDH1A2",1.29569781225168,4.28861286871053,1.03335138660189e-10,7.25228594605013e-09
"KHDRBS2",1.746024971394,-2.61285402138091,1.188377637095e-10,8.30666384638786e-09
"CALCA",2.36008551250961,-1.04783309424503,1.34479575289768e-10,9.28766309819972e-09
"SERPINA10",2.08727881437926,-1.62190396466313,1.37795087047046e-10,9.45161120563172e-09
"CPLX2",2.41110645381801,2.01068965816189,1.37943907414181e-10,9.45161120563172e-09
"MUC21",2.20291785990992,1.67633850057777,1.47624960598786e-10,1.00356027136469e-08
"PLD5",2.4558242147922,-0.777204265782084,1.48247346215198e-10,1.00385458853143e-08
"NEFL",2.4380668260847,2.9917849313125,1.50153047533207e-10,1.0128027544701e-08
"KRT9",1.4432504146447,0.70566858221696,1.52263182959727e-10,1.02305514597166e-08
"MEP1A",1.81138854856108,-0.109758695535942,1.56449447506221e-10,1.04712400483411e-08
"HMCN1",1.04822652277061,3.03481492888487,1.81444206154786e-10,1.20510931559127e-08
"IL13RA2",1.58085911538019,2.69211153728013,1.85226714121701e-10,1.22553629362584e-08
"KCTD8",1.80890901775672,-2.729163170618,1.8626007582145e-10,1.22768761002465e-08
"ELAVL3",2.36366890877642,0.400363019582242,2.21834865129162e-10,1.45663158599016e-08
"FFAR4",1.19882034360378,-0.0506447610147433,2.33253860963828e-10,1.525832332003e-08
"ROS1",2.10928930999062,1.64160387750253,2.57381770976626e-10,1.67733571424053e-08
"APOA2",2.8369840333035,4.78701584254897,3.05484818129987e-10,1.98336304205368e-08
"LGALS14",2.69702041780635,-3.428099100937,3.19324628735864e-10,2.06548225340903e-08
"SLC25A48",1.64860894221689,-1.7577420425812,3.49938418355779e-10,2.25508642460871e-08
"LCE2A",3.02367166404565,-3.21976547747542,4.26848406731342e-10,2.72037394510581e-08
"ISLR2",1.18523138349782,0.759165282435764,4.385019629774e-10,2.78440715319166e-08
"HRC",1.07592267737362,0.514217072850285,4.62800664024213e-10,2.9279742740364e-08
"TM4SF20",2.58455187122812,-0.670025135390767,4.72289750003104e-10,2.9771428422923e-08
"FGF18",1.10516856481967,-0.00536778581887198,4.89298948842986e-10,3.06974956776497e-08
"TMEM74",1.5154224328663,-1.62535017511333,4.90522428768905e-10,3.06974956776497e-08
"LIX1",2.09161002011573,-1.07961391603684,5.11299745464844e-10,3.18826657828527e-08
"SYP",1.01017670644631,1.7497435285461,5.44088268467401e-10,3.38056277200086e-08
"RBP2",1.37703779564937,-2.39387371934388,5.76654572547962e-10,3.57010964825676e-08
"CDH22",1.84985133841092,-2.13896436053131,6.06773900550485e-10,3.72993814398676e-08
"PRR35",1.89406066789467,-3.57025599736612,6.09234513249121e-10,3.73183049016732e-08
"SHC4",1.1028955952108,0.536182762039255,7.53890371497048e-10,4.60165126404977e-08
"SOSTDC1",1.9803504929271,1.59142308200703,8.54246333146138e-10,5.19591585441695e-08
"HMX1",2.74090267944156,-0.946137064470849,8.67540891537603e-10,5.24000744069838e-08
"HOXC12",2.34691683980268,-0.485441513626324,9.19668784130692e-10,5.53557582392554e-08
"PTPRD",1.26456686623597,1.98980513262023,1.01344359828126e-09,6.05794647455365e-08
"GRIA1",2.0076737063566,-1.64342191740194,1.02318946475159e-09,6.09518535102019e-08
"ILDR2",1.10679003385551,1.2769253395218,1.03802444293462e-09,6.15389755560245e-08
"KRT2",1.85382299617164,-0.543214538673119,1.04014536128729e-09,6.15389755560245e-08
"KRT1",2.28594592332382,6.37620524192985,1.19253040391187e-09,7.00763205146178e-08
"VWA5B2",1.19103356426989,0.112073378566941,1.28872687225764e-09,7.54336592934806e-08
"MYLPF",1.13200767751254,0.419280891676273,1.34927219729808e-09,7.84887031549066e-08
"SOST",2.63427092917291,2.52914927349775,1.42826677977005e-09,8.28060355428555e-08
"OTOG",2.2430610267094,-1.49492128556373,1.46087488326369e-09,8.44142203379204e-08
"GIP",1.59482085635763,-3.30870180387185,1.67734210958184e-09,9.56471232552669e-08
"WFIKKN2",1.27373872625706,-2.59425819232731,1.96253653710241e-09,1.11542855313673e-07
"SLC7A3",1.87053073341819,-1.6032975794933,1.9724753538746e-09,1.11741373396785e-07
"LGI2",1.06452991487384,2.3004060453937,2.17558255502972e-09,1.22447154517663e-07
"NXPE4",1.96211031180837,-2.99532233599416,2.18522950795082e-09,1.22592082590056e-07
"FLG",1.72818990741857,1.7804567159425,2.50329028487969e-09,1.39982377704482e-07
"TCHH",1.35016857445348,1.74697217044615,2.71436069450307e-09,1.51297243212896e-07
"SPINK9",1.17542267509113,-3.31860507992153,2.81637683410715e-09,1.56480424420665e-07
"ST8SIA6",1.20666008800198,-2.34358408915843,2.9595554398196e-09,1.62354093510357e-07
"IRS4",2.13558235561355,-0.34045594778081,3.05608775537384e-09,1.67120761007588e-07
"NXPE1",1.97826038607882,-3.32911040066525,3.09684092243542e-09,1.68816784246597e-07
"SBK2",2.06953374970892,-3.94938257566354,3.48970056869995e-09,1.89636236233272e-07
"TRIM9",1.00725845613812,2.04892444933215,3.83045716184567e-09,2.07503046564358e-07
"ZIC3",2.89641825440544,-2.80707893108744,4.84516472996384e-09,2.60033840848059e-07
"SPP1",1.33988720200882,8.49301535455893,5.00246701515214e-09,2.67647425023649e-07
"PAX1",2.0810343531926,-2.67015985832877,5.1874451627993e-09,2.76690344298849e-07
"USH1C",1.92036193321745,1.07680126227547,5.5530002111487e-09,2.93479447134947e-07
"SCUBE3",1.04596239916961,2.55709869893489,5.79719693976037e-09,3.04528511971958e-07
"KRT27",1.7495297003728,-2.13662278998896,6.05355782294819e-09,3.17034516195791e-07
"SLC6A17",1.14609155827889,-0.339437985519866,6.32349891560924e-09,3.28197166772713e-07
"ITM2A",1.01160070070742,3.681395746788,6.43640415514202e-09,3.32068648896985e-07
"RHOXF2B",3.30595160868421,-1.91740854771249,6.6362159316558e-09,3.41361433754461e-07
"HOXC5",1.37039271184252,-2.63196048187973,7.01304486311536e-09,3.58616910625678e-07
"KRT35",2.18383628521724,-3.86311849168972,7.18515755870301e-09,3.66337371412108e-07
"ITPKA",1.03371256464511,1.39251879997241,7.3029774125841e-09,3.70166998383466e-07
"SMCP",2.31275341474215,-2.66574669808613,7.86874520206063e-09,3.9768133550356e-07
"TAGLN3",1.64232220366837,0.4130567781376,8.02629733166677e-09,4.04464721640824e-07
"BMPER",1.05776518863896,0.690468430162833,8.13506073237011e-09,4.08757326943872e-07
"SHISA2",1.39795516829492,4.08110345982272,8.53987799021102e-09,4.2785776000089e-07
"FAM19A1",1.4220180551173,-2.58641772875683,8.58327783807246e-09,4.28792856838577e-07
"GRM4",1.38459584963658,0.252712945529923,1.07265319570374e-08,5.28251225781944e-07
"SERPINA6",2.16142098399625,-0.206026680902385,1.1574658704246e-08,5.66798611972045e-07
"CDH16",2.06515975056004,0.325210101738186,1.19434788246466e-08,5.83211846268305e-07
"CGREF1",1.06965097658067,3.33028270952445,1.19984038122924e-08,5.8424811821935e-07
"SLC47A1",1.06705549607194,1.09714741682723,1.28458060426019e-08,6.20284255566864e-07
"NUDT11",1.15702366370152,1.1517514608562,1.4492083832683e-08,6.959010339046e-07
"GPR1",1.22700317460732,1.09767694869631,1.48002267293224e-08,7.08734614234266e-07
"ATP12A",1.72544902591653,1.77542061846453,1.4880639396125e-08,7.10622269784646e-07
"MT1G",1.15731050736258,2.69698454629181,1.50968800906352e-08,7.1896817684385e-07
"NEUROD2",1.32105306271914,-2.31034399140624,1.57272752470089e-08,7.46937853169587e-07
"UNC93A",1.94637071265868,-2.41026322249536,1.58201541554614e-08,7.49296099139136e-07
"KRTAP19-5",2.80677372065166,-3.67730048050667,1.71352251852877e-08,8.00644551447337e-07
"TINAG",2.5055072302752,-2.67037259162214,1.73421078930044e-08,8.08132904100082e-07
"SERPINB12",2.09150971752028,-1.67398208351749,1.89629804905971e-08,8.81295621459786e-07
"SIGLEC6",1.58136206608758,0.990379082521437,2.02348746552059e-08,9.37891850663087e-07
"ACTL6B",1.95628802449696,-0.915952784006105,2.11790630758338e-08,9.79037489118878e-07
"PNMA6A",1.1765362867809,-0.284574996383772,2.15665462902439e-08,9.92965240120494e-07
"WNT8B",1.34201847657066,-0.522221204476559,2.15949175382421e-08,9.92965240120494e-07
"FMO3",1.38765454474726,2.79748571819638,2.26938018053448e-08,1.03798695064816e-06
"ADGRE3",1.10249285521937,-1.71982123766794,2.32530061922354e-08,1.06076542721684e-06
"NEUROD4",2.92742018199872,-1.52560061912785,2.36442744741264e-08,1.07346737864985e-06
"ACMSD",1.19562116571771,-2.02727013767803,2.71567472943545e-08,1.22914416278756e-06
"LRRC53",2.64018656995902,-3.41634361530139,2.758591773525e-08,1.24531740609521e-06
"NTRK1",1.08273842482212,-0.376380257435337,2.78031751644631e-08,1.25186504279472e-06
"GPA33",1.2436232745607,-0.42933803020681,2.88376412817603e-08,1.2917325881636e-06
"KRT74",1.52555432243053,-0.950250573302373,2.97588907730699e-08,1.3295628132762e-06
"FGF12",1.0229301354563,2.65153062590385,3.15351587219484e-08,1.394545858278e-06
"S100G",2.14861301520493,-3.66294570718211,3.16787018496192e-08,1.39732899888842e-06
"NOG",1.5107897248593,0.725812358287629,3.18869177170297e-08,1.40294344828607e-06
"HCRTR2",1.84199457339886,-3.30208855928372,3.87904398462383e-08,1.68108068683635e-06
"PCSK2",1.89733210272737,-0.118813593603624,3.90649491133685e-08,1.68875534384101e-06
"PEG3",1.21145761970112,2.07515511679372,4.06988106322449e-08,1.75500965748748e-06
"SPTA1",1.35127567854077,-1.59064306081268,4.17948888987054e-08,1.79780247905473e-06
"ATP6V1B1",1.1422683640258,2.44149946429666,4.32571456997594e-08,1.84695226774711e-06
"SLC10A1",1.72682415863262,0.760365276952694,4.36121316897693e-08,1.85355624961457e-06
"KIAA2022",1.26080065505998,-0.931361644121953,4.47384932275731e-08,1.8961901713936e-06
"C9orf135",1.60742833284608,-2.96686112170721,4.67884450143908e-08,1.97823827884016e-06
"GALNT16",1.10920974314758,1.70460321407281,4.73797743066016e-08,1.99836590658136e-06
"CHGA",1.88482734256837,2.21325856364874,5.05634900881967e-08,2.12231985636535e-06
"KRT71",1.73091187978448,-1.85208833990228,5.19020883890697e-08,2.17324324208822e-06
"BEST3",1.872602618404,-0.151991642953427,5.44825427501509e-08,2.27032422734103e-06
"FOXB1",1.7018883575505,-0.891118950656905,5.51725183963879e-08,2.2935626052791e-06
"CHI3L1",1.28712736329098,6.73240305057791,5.58978535322112e-08,2.31815619851886e-06
"KRT77",1.74528983924633,1.43313421520649,5.75570192878847e-08,2.38126713449996e-06
"B4GALNT1",1.0041130937138,2.664624739152,7.67065397801895e-08,3.10679408198501e-06
"HOXD12",1.25818731391233,-2.70083270104259,8.80621168924606e-08,3.53369628780279e-06
"LHCGR",1.56499390876414,-3.40999147161933,8.86212608298109e-08,3.54792045377545e-06
"NEURL1",1.05416106958557,2.40929563723677,9.51123833533945e-08,3.7815898289704e-06
"ACE2",1.10089811045385,2.2983439241936,1.02007916906105e-07,4.0464696557605e-06
"MS4A15",1.8176905864718,1.55952976156423,1.03872424453741e-07,4.11102392215891e-06
"PIWIL2",1.21807005463956,0.554946975176437,1.05410057266202e-07,4.15291668797637e-06
"DCDC1",1.06089448181394,-0.785277345587302,1.09124049297076e-07,4.27012504416436e-06
"GGTLC1",1.72491900547593,-3.53643197668065,1.09614575695427e-07,4.27965916594646e-06
"EPHA8",1.45852578538785,-1.76586935950632,1.22590972689672e-07,4.7435591776238e-06
"WDR87",1.53548503591651,-2.74062856683009,1.24803036832149e-07,4.81839786967774e-06
"CEACAM20",1.23431971223028,-3.605831451541,1.2636244084384e-07,4.86776202672882e-06
"SEMG1",2.13012529503547,0.234882876969649,1.30795280692449e-07,5.01623051062744e-06
"PAEP",1.74962928157345,0.44300161448931,1.40125990870198e-07,5.33864626754919e-06
"MGAM2",2.07876400716312,-0.371938595918889,1.41883680421449e-07,5.38195536128188e-06
"MMP20",1.87428217907213,-2.97231622306116,1.61736908304165e-07,6.12163603810635e-06
"APCDD1L",1.35657093363864,2.62984025959901,1.65871606342291e-07,6.26445380379871e-06
"CFTR",1.4971183859541,1.12327977593698,1.67892374504951e-07,6.32561973577995e-06
"SCN1A",1.60706408945192,-2.50135105478031,1.68220980570785e-07,6.32561973577995e-06
"CARTPT",1.85604266687852,-4.09529370110906,1.7689963604677e-07,6.60895515273869e-06
"HMP19",1.76214377118866,-0.567525783577015,1.78738892493746e-07,6.65111496424642e-06
"TCL1B",2.46809758952019,-2.65584406587847,1.7879547581995e-07,6.65111496424642e-06
"FGF9",1.29489467421251,-0.496919821106055,1.91066849404235e-07,7.06214037190282e-06
"HSPB3",1.52989600960848,-1.2019549680013,1.97293463227513e-07,7.26132098736503e-06
"ASCL1",2.0458685154172,1.56933096738829,2.08324602787824e-07,7.65107412992992e-06
"PCDH8",1.86861296940482,-2.33110750463449,2.09741736220407e-07,7.6868350895999e-06
"ADAM23",1.02573882257079,3.21806705302898,2.10557716217863e-07,7.68982388861914e-06
"MLC1",1.03432232503088,-0.280829341796115,2.2262840030906e-07,8.07377263463924e-06
"WNT3A",1.25332282626851,-0.112409835969841,2.24391434010752e-07,8.12008612307345e-06
"SSTR1",1.20573160366652,-0.109686186088466,2.26445017287159e-07,8.16096543591039e-06
"C1orf64",1.58787586101426,-2.55405908980243,2.58345684763414e-07,9.27209616019418e-06
"PROX1",1.09549475789952,1.99317488827944,2.61806515273758e-07,9.37689244270784e-06
"IGLON5",1.12863864391244,0.354143421198011,2.62505121054618e-07,9.38252839893155e-06
"DBH",1.24619245951347,-0.0735445287254418,2.78405708162226e-07,9.84931214488201e-06
"CALN1",1.62836066539102,-1.37894734453801,2.80120580850074e-07,9.88979688194712e-06
"SI",2.80155264906914,-0.310209832611711,2.96756170377801e-07,1.04346211227164e-05
"ASXL3",1.01225407923699,0.13773549161275,3.12072610180846e-07,1.09068118900907e-05
"GRIA3",1.00167595825287,-0.368098580302197,3.1721327896115e-07,1.10419521903445e-05
"DSG4",1.71396189895771,0.103886427321428,3.39254284845923e-07,1.17619460556082e-05
"POU4F1",1.34550448325897,0.194067856077618,3.59792473010677e-07,1.23750049992859e-05
"MT1H",1.19118377091776,0.632033931611385,3.67769986567494e-07,1.26243420141535e-05
"CNNM1",1.03694885852229,0.366858358734086,3.69385854559961e-07,1.26547505707449e-05
"EPHA5",1.44267773995595,-2.30796868822729,3.9677990399578e-07,1.35202480426412e-05
"IGFN1",1.48021051848561,0.144020919510464,4.35939468566627e-07,1.47886706215313e-05
"SPANXC",2.49540223843249,-1.79405436499904,4.39226463952653e-07,1.48710756887094e-05
"KRT24",2.17072906335284,3.73322655274481,4.4201504964978e-07,1.49363175159434e-05
"CNTN2",1.32195444539279,-1.02517539545909,4.62532935118148e-07,1.55689484082973e-05
"VPREB1",1.94522133483822,-4.23602966024368,4.85545569983118e-07,1.62489043545509e-05
"LCN1",1.10264383975804,-3.00948515636006,5.26208235550329e-07,1.7474750504339e-05
"GZMA",1.08478320415543,3.60795612195294,5.86466189821574e-07,1.93277403052414e-05
"DLX3",1.06579166145428,2.90376692620178,5.9111538476221e-07,1.94439946771403e-05
"NR0B1",2.10066872261391,0.282724482503173,6.10660581437603e-07,2.00488658697364e-05
"SLC13A5",1.21068717658731,0.148600838653041,6.13936889265541e-07,2.01183288760268e-05
"LINGO2",1.42994081099615,-0.412560276780479,6.33851469881944e-07,2.07317268498179e-05
"C7orf33",2.21833420756583,-2.74494119799253,6.60618141622659e-07,2.1525968956821e-05
"CD70",1.12758014715837,1.20572826550179,6.95793887069249e-07,2.26296191976462e-05
"NTRK2",1.23436848305293,3.8267196399013,6.99492803195675e-07,2.270731787153e-05
"DSCAM",1.57496792895917,-1.18494999144868,7.31657361970029e-07,2.36628365107285e-05
"TRPA1",1.02741906683128,3.0764009129179,7.39674226885196e-07,2.3877565592281e-05
"RTL1",2.21357391052929,-0.400374644207835,7.62512405123232e-07,2.45690567710246e-05
"DNASE1L3",1.12323068586762,1.66958170991661,8.49262197747086e-07,2.72628892554551e-05
"SEMA3D",1.0315131314856,2.67511415226091,9.5822379375402e-07,3.03671105388043e-05
"GPR6",1.97887911960158,-3.69061868093361,9.60571298219735e-07,3.03859552091955e-05
"BPIFB1",1.65871119411746,4.69291119715597,9.62927846166375e-07,3.04050167819565e-05
"AQP4",1.99243221966066,-0.782190491476089,9.74123374555003e-07,3.06689690707219e-05
"SLC27A6",1.31443986261263,0.808629342746144,9.74825610497133e-07,3.06689690707219e-05
"C10orf90",1.34781887116379,-1.33954497238838,1.02994889970584e-06,3.23445003195666e-05
"KRT33B",1.37386709253525,0.582936075651278,1.08592170524347e-06,3.39179329016136e-05
"DLL3",1.16657091475709,0.568497611929591,1.16271696051251e-06,3.61861732683742e-05
"HNF1A",1.51345201388099,-1.91068891774867,1.25470650277697e-06,3.85644277050334e-05
"GAD2",2.22214228697774,-1.78874882889495,1.28746360528313e-06,3.94314162501467e-05
"UGT3A2",1.19159379232562,0.316346383765574,1.32296662360148e-06,4.03761028523444e-05
"CRABP1",1.44329533191334,0.0696184150809691,1.36653686469123e-06,4.14141897717176e-05
"PRDM13",1.53462577178002,-1.76792895371405,1.47566730285358e-06,4.433395614379e-05
"FGF19",2.20099842840505,1.74769880750094,1.52501863809559e-06,4.57373669401161e-05
"SIAH3",1.1472323601482,-2.00918949832738,1.57274167650408e-06,4.70059947624107e-05
"CNTFR",1.36752154078866,1.26933370208611,1.59895000124446e-06,4.75433932617028e-05
"MOGAT3",1.33378754454755,-2.79699581894323,1.68274013953039e-06,4.97886043737087e-05
"MMP13",1.28030774651431,5.65117059502947,1.68307598286664e-06,4.97886043737087e-05
"DYDC2",1.249664094831,-2.3030314934285,1.70569926768322e-06,5.03718855286008e-05
"PCSK1",1.02495440579632,1.15515033624828,1.73623125093171e-06,5.1015882579618e-05
"OCA2",1.6397413786395,-0.150595028368847,1.81229879041325e-06,5.28746812939127e-05
"FBN2",1.04825866479656,5.2300252824145,1.98447361643129e-06,5.70495027211217e-05
"CHODL",1.04753516060747,0.837957461725961,2.18919575208698e-06,6.22126366597176e-05
"PSG5",1.72670001840184,1.27511563531265,2.36464271093846e-06,6.7088512919997e-05
"ISL1",1.46295490482113,0.15086714066061,2.38724206726476e-06,6.75087132724873e-05
"CST5",1.77550053198264,-0.555904197071387,2.60247772930542e-06,7.28819893982383e-05
"TRPM3",1.12703592338609,-1.45220901623796,2.6449918848233e-06,7.39531198764709e-05
"CNTN1",1.11108089762322,3.82566103884588,2.73937445426813e-06,7.58579171960673e-05
"TMEFF2",1.43078509347142,-0.993850046599581,2.77018836799556e-06,7.63453344343449e-05
"PRL",1.8737867049472,-0.722169470133534,2.85240389453297e-06,7.83619992261949e-05
"KRT82",1.3269239774151,-3.26589453447283,3.08167104868533e-06,8.41271931164728e-05
"SERPINB7",1.4496368274544,2.77240745226624,3.29681321815173e-06,8.92972767760315e-05
"DCX",1.7876138566778,-0.757809077318484,3.39183657236899e-06,9.14424369860286e-05
"CACNA1E",1.22527186552051,-0.27307767283822,3.78930939473049e-06,0.000100439875164607
"MARCO",1.19424447269473,3.48036390664129,3.80355114887129e-06,0.000100509998728177
"DIO1",1.1036098170343,0.0861310832693863,3.96240255898313e-06,0.000104231029377804
"TMEM63C",1.00727181516365,0.819969112031751,4.3002857468037e-06,0.00011243658132857
"SLC6A2",1.187248755078,1.64679752570492,5.24656831807005e-06,0.000135542864074134
"PCDH11X",1.41009747076102,-2.25163126505836,5.26383182568052e-06,0.000135786495086565
"ADGRD2",1.19497809473275,-1.64158539006078,5.31554544483889e-06,0.000136916761198042
"VSIG8",1.18235348906253,1.00418056975513,5.60219362000044e-06,0.000142814744709864
"CLDN8",1.32036735594407,1.6244558733305,5.98115705362535e-06,0.000151472180759908
"NCAM1",1.06589960872328,3.37380010397766,6.11088099599007e-06,0.000154383101130297
"PNLDC1",1.23390565467432,0.347110938649089,6.50511039541677e-06,0.000163429114064565
"GABRB2",1.12077146786779,-0.81419363185773,7.22876877811787e-06,0.000179271397380076
"ATP1A2",1.18065554249107,2.39946901237757,7.42908258595306e-06,0.000183451775822644
"VSX2",1.55308656669352,-3.05494415892254,7.46277607534034e-06,0.000184021654716963
"MAGEB10",1.8400828777465,-3.88426058049929,7.7725792219446e-06,0.000190039013839788
"SNAP25",1.02970689551215,1.33365594921292,7.83700514965885e-06,0.000190806859928843
"TMPRSS11A",1.41708342390454,1.70509390969132,7.92004414980469e-06,0.000192288466858353
"CBLN2",1.40988459861391,-0.324712006273632,8.7105045632039e-06,0.00020913656039216
"MC4R",1.2774257591538,-3.36456072693421,8.99956452743304e-06,0.000215479904810845
"GNAT3",2.2718078601516,0.863267091228652,9.83323758789875e-06,0.000232233206520742
"PKLR",1.12842897850347,-2.06072429655529,9.93459191844371e-06,0.000234212475204887
"GCNT3",1.10664200295386,2.75346815881364,9.98853936658404e-06,0.000234940746159748
"RIMBP2",1.14264149347324,-0.194400960368214,1.0479416920116e-05,0.000244825730876295
"C2orf72",1.06906657919769,2.03591824044971,1.0847650362544e-05,0.000252408079241208
"RGS21",1.71425619573607,-3.45249660309639,1.12200124514518e-05,0.000259678125294949
"HS3ST3A1",1.04170412395056,0.738939050604065,1.13424686024506e-05,0.000261865220983451
"GAL3ST1",1.0100336676876,-0.466464247536734,1.16839132591457e-05,0.000268621533617096
"PLA2G12B",1.46463490256118,-3.33279550016093,1.19860663489899e-05,0.000275203258489721
"EDN3",1.79444532529568,-1.47898807872962,1.25836248660774e-05,0.000287779864186612
"COL25A1",1.0379424789034,-1.52625809607616,1.27162388875497e-05,0.000290429513986396
"IL17REL",1.36385990355531,-0.281252430765449,1.29693127928431e-05,0.000295043355989417
"FMN2",1.30582487696976,-0.423813506051361,1.33345471879033e-05,0.000300982259768625
"MSLNL",1.39935334111829,-2.21594446438848,1.40916119004895e-05,0.000316013056009036
"DLX2",1.06818419800311,-1.02067664124992,1.45058865038363e-05,0.00032321277961954
"IL1F10",1.38209712898835,-3.12312221512004,1.46576046361528e-05,0.000325755867138089
"DPYSL5",1.72659352520221,1.56265525024448,1.48976508273649e-05,0.000330243960476176
"PSG2",1.61894496441283,-3.28979685587286,1.611247431839e-05,0.000351333009194076
"XKR7",1.43016382797064,-0.774309696898177,1.64579624581402e-05,0.000356623474014825
"CHRNA9",1.45209707030086,-0.405635565072726,1.68945745504495e-05,0.000364262997303535
"AKR1B15",1.0202381345373,2.72907842198993,1.81380838314986e-05,0.000386744997809384
"TF",1.27313422714525,4.05687614636334,1.82866151413033e-05,0.000389433014096428
"LY6G6C",1.02183198636455,1.89977855014194,1.86305197092839e-05,0.000393883965734078
"LRAT",1.24083702242173,1.30874810681161,1.95538002479817e-05,0.000410369403509397
"LMO1",1.27948908135902,-1.62466686402008,1.97219283780027e-05,0.000412886756393491
"SLC17A6",1.94696560986471,-3.60344996102992,2.15754353071583e-05,0.000445250203630463
"LVRN",1.10724481972932,0.970714596782881,2.24751935374812e-05,0.00046162023693393
"GPHA2",1.21814275422152,-2.91736909052502,2.32974651427992e-05,0.000475131245000499
"C4orf26",1.0903116232946,0.75606105498991,2.49045767184222e-05,0.000503758270027829
"LGI3",1.03201425211721,-1.30424730901185,2.60849471490505e-05,0.000523965885085504
"IL31RA",1.07918398514136,-0.409772290642066,2.7119764668616e-05,0.000540369104057998
"C1orf158",1.26244050536686,-3.64298166708559,3.05643558497042e-05,0.000595753245702403
"PCDHA5",1.04787669305856,-1.49283769482499,3.15147308876876e-05,0.000611766920423364
"TCERG1L",1.27477431661918,-0.592449150138721,3.21713767400459e-05,0.000622422785478455
"VRTN",1.7020662023979,-2.0042583717364,3.28023680988084e-05,0.000630105823609508
"AGXT",1.4557990187424,-0.821663342860468,3.28229338747843e-05,0.000630105823609508
"LHX2",1.00382313467421,0.0451745841158746,3.47703946955315e-05,0.000664547731033119
"GSX2",1.49698421487414,-3.75770614640476,3.49460652553311e-05,0.000666435688890169
"KLK7",1.63989079977566,3.25024484866533,3.86799639314493e-05,0.000726454143826299
"GRM3",1.13887402485795,0.618244555301872,4.10900900195623e-05,0.000765087766368541
"NLRP13",1.4450795538884,-3.64608340710882,4.31459345427937e-05,0.000799075614636035
"COX8C",1.23669912569269,-2.69188089779057,4.33466994497261e-05,0.000801937070395946
"KERA",1.07509729844366,-3.03305009939054,4.44838266962068e-05,0.000817778111082008
"C10orf142",1.09610458398191,-3.84750134246351,4.57086918292808e-05,0.000837590034736346
"TMEM229A",1.2811288741939,-2.32109918988249,4.66583328209204e-05,0.000850496529390805
"NKX1-2",1.33528390279704,0.124984048421128,4.87591638113403e-05,0.000881924454019885
"AGTR2",1.4973995373293,-3.4469416601323,5.20113125770666e-05,0.000935286414443412
"FGF10",1.04690467744943,-0.874277144756228,5.29207160348018e-05,0.000948857478537556
"NKX6-1",1.11865690987006,0.025570083990995,5.93747460468707e-05,0.00104599717756352
"SOX2",1.04589354778951,4.0888905806645,6.33819849694419e-05,0.001107587408715
"KRTAP1-1",1.4537633002138,-1.61928681390725,7.16021102693231e-05,0.00122771768696213
"PNPLA5",1.38104478943476,-3.58169511619584,7.28104178222292e-05,0.00124229192219325
"FEZF1",1.09559700790905,0.0900978394255655,7.32068674436538e-05,0.0012474407566631
"CLRN3",1.10591421144861,-1.85351212377977,7.4381291060115e-05,0.00126164352302064
"RHOXF2",1.75400908333165,-3.70747193504981,7.51538527928608e-05,0.00127303086134547
"SPATA3",1.50502367127705,-3.91676928398785,7.88677263823988e-05,0.00132326345380783
"OPTC",1.03713537383407,-3.53452697707898,8.31114503055225e-05,0.0013800162749485
"FABP1",2.04400525925835,0.920010479345713,8.80024959168888e-05,0.00144706612051077
"KRT28",2.08736311414677,-1.98249385491864,0.000100666281612087,0.00160169407627892
"UTS2R",1.1817014391406,-3.01237779023991,0.000101849813965172,0.0016168191621669
"CYP2W1",1.01652316821774,2.71372788489117,0.000103215334459124,0.00163251626172346
"KRTAP2-1",2.02545290188687,-3.71277898510886,0.000104858055866799,0.00165096675608625
"GRIN2A",1.03862871203495,-0.274572311921458,0.000113767192871226,0.00177033598601679
"CLDN19",1.33441625317159,-0.939527862110467,0.00011872215993263,0.0018391855607079
"LCE2B",1.89266458383349,-3.50761099100352,0.000119041171296192,0.00184086026847474
"GAL",1.08654699796405,2.199497332944,0.000121479753107319,0.00187353338088557
"SIGLEC5",1.04608149303839,2.34912772306998,0.000126197120361733,0.00193424145134451
"KLK8",1.48956966071321,2.55366662409673,0.00012845065201536,0.00196704244936949
"TPO",1.08307011828751,-0.695510233656135,0.000129181641738787,0.00197474758337025
"ASZ1",1.40571880904666,-3.65269200290292,0.000130539749993805,0.00198849434634676
"TDRD1",1.31591420260454,-0.751622532097423,0.000131220644730944,0.00199535954071133
"SPOCK3",1.08056348850582,2.65828955698036,0.00014966545378946,0.00219682526794266
"FABP12",1.21509958756265,-3.68403953157454,0.000163734946594752,0.00235742965051497
"SYT13",1.30476372013249,1.05501985997573,0.000180113644134751,0.00254879185393951
"PNLIPRP3",1.51645532196304,-0.913097581962162,0.000194378881341717,0.00272617953726429
"NKX2-2",1.5705698013868,-1.41276708045402,0.000196628908814212,0.0027505650363433
"OR7C1",1.03449804581195,-3.10646610967559,0.000211044542661221,0.00291234587910218
"ERICH3",1.00094952282829,-1.92634234653293,0.000220092507295246,0.00300181244214247
"KRT75",1.45005101858156,2.30089295508439,0.000225544014091714,0.00306171142073599
"DPPA5",1.38370158044955,-4.11086415056272,0.000241134580199524,0.003227851697111
"SLC38A8",1.21043641753889,-3.42178463567491,0.00026242657913441,0.00345944087398859
"KRT4",1.17287122290046,7.01952467292653,0.000270418014872391,0.00354055610862002
"GABRA4",1.27242015614429,-3.77600500992142,0.000270985467302129,0.00354243481850297
"CHRNA4",1.11037288651171,-2.83633474767171,0.000271132070624367,0.00354243481850297
"UGT2B10",1.55028504394741,-3.20044810323632,0.000279829065441502,0.00362815022395544
"KRT76",1.01548314009863,-3.47846457734731,0.000282697419115919,0.00364996374160511
"SDR9C7",1.00578246249874,0.978597820355791,0.000283274049070818,0.00365368723262101
"KRTDAP",1.29386403577939,5.07362337880275,0.000292267095629635,0.00375292600202942
"RBP4",1.01850996368143,3.05907771530165,0.000293458645685481,0.00376405131221633
"FAM19A4",1.13153973106604,-3.2141244600132,0.000293567774682232,0.00376405131221633
"GABRQ",1.00298563336978,2.60816835127481,0.000316208738647717,0.00398363261951903
"LHX8",1.07807606741335,-2.1660123877333,0.000342719829493703,0.00425576521796084
"BRINP3",1.33132451614237,0.246402311684666,0.000350723862862553,0.00432110743619216
"MT3",1.00359908768669,-0.561768364072762,0.000354049414560083,0.00435898196122091
"NEFM",1.13446607835581,1.51763403534768,0.000363038711860609,0.00442876570732136
"SLITRK2",1.20472582002447,-0.121809487912456,0.000373696823383526,0.00454280114540913
"DAZ1",1.9716143393445,-3.29716971128927,0.000379538133765167,0.00458487355318409
"CALML5",1.22043520111973,6.16169366580448,0.000397724399841684,0.0047515868168543
"PDCL2",1.09579041467713,-3.64144783977784,0.000401690596774983,0.00479236510329961
"LY6G6D",1.51308969511415,-2.2592283354938,0.000445305600416573,0.00517384221395529
"KCNA4",1.50561140799697,-3.09057121173486,0.000487090169439906,0.00553685776212509
"GLRA2",1.0857112123417,-2.70208900476769,0.000491741570280132,0.00557510799267893
"P2RX3",1.01415034463048,-2.61690509983541,0.000518064075528343,0.00579620438271991
"C20orf141",1.21752688560999,-1.97186872573107,0.000518968030282409,0.00580032933910095
"CDH7",1.28160142317563,-1.00798613558881,0.00053926095608791,0.00598086287510168
"HMGA2",1.02085954744836,4.40074442768103,0.000555938358410074,0.00613052890778539
"SLC13A2",1.12095597381775,-1.1283709565523,0.000589549560990033,0.00642726159294574
"LRRTM1",1.02732990881234,-2.79770313730085,0.000595524152892055,0.00646425246736617
"ZNF804B",1.28743197279335,-3.01996570860372,0.000609417515080634,0.00658103505054086
"CCDC144NL",1.03786453509028,-2.2639340570533,0.000618326439366637,0.00665757069964016
"LYPD4",1.05943335005103,-3.36302164370304,0.000630717765013571,0.00675360956599159
"GABRA1",1.28422648769404,-3.67652788539685,0.00073293534904591,0.0075907779759141
"OSTN",1.15922484293413,-2.41824024862677,0.000833819547765167,0.00837442749739813
"CASP14",1.06361118414697,7.1256208280204,0.00087308659477444,0.00868826413341844
"CRYBA2",1.15173827231965,-2.07407799843377,0.000875801825552117,0.00870030065670255
"KRTAP2-3",1.13301983154608,-1.32429335701438,0.000953358281514141,0.00930544246061241
"PIP",1.16456545841109,0.404237068303345,0.000978512890241797,0.00949009473612714
"STRA8",1.29555970257285,-0.895466705674648,0.0010326379464153,0.00987356800943695
"KRTAP4-8",1.41766568952126,-3.83300812255059,0.00104648335846709,0.00998392351074688
"DEFB4A",1.62641300618184,-1.48644131667945,0.00114803989782719,0.0106709231253804
"WFDC6",1.19394083836975,-3.72329659130384,0.00123781420038781,0.0112637843379122
"NOL4",1.06230599545989,-0.19858189505178,0.00123951326959226,0.0112733276644186
"DAW1",1.04892695668214,-1.74550113102216,0.0012828559142845,0.0115579843443975
"APOBEC1",1.36270743417442,-3.64936392194353,0.00128744238455899,0.0115748967929903
"OLFM3",1.44391202193213,-0.79929827442327,0.00131319567347325,0.0117473324439303
"SHOX",1.13608590388314,-2.15551657803844,0.0013258735943405,0.0118291398651017
"NFE4",1.08907606192852,-0.503905312613564,0.00144138372980192,0.0126142939672058
"PLA2G2E",1.23687161841853,-3.84448197510282,0.00145897339406681,0.0127091978824865
"BPIFC",1.06918231868556,-2.25828894507299,0.00157619444209535,0.0135331008686097
"GABRA5",1.1047513110667,-2.87092348160902,0.00182149584513282,0.0151369273611589
"PRDM9",1.02373368290387,-2.15157841485208,0.00182731417397095,0.0151634711372841
"SP8",1.26222573088368,-1.79608656358901,0.00185794875691813,0.0153353965608155
"CT45A10",1.38223616846846,-0.79053377885458,0.00194467964044662,0.0158864380618012
"DDC",1.10111929715887,0.0729780029349916,0.00202984096581988,0.0163828762156586
"FLG2",1.22106255906632,-0.631551356187225,0.00212742693020661,0.016948044960998
"DCAF8L1",1.34629448492603,-2.96532043632899,0.00213993424634237,0.017032029458377
"SLC18A3",1.55375871027975,0.433648337548867,0.00234452585218946,0.0182245791239906
"UGT1A8",1.02024792671283,2.56780358740779,0.00259415988217652,0.0197322341191443
"NEU2",1.15734149610006,-3.74904041805393,0.00281892534123967,0.0209366198759167
"SOHLH1",1.08237167742914,-0.247104539686707,0.00294153516092494,0.0216432563729346
"ITLN1",1.1186634101774,5.34618987995918,0.00378541551397289,0.0261747817848904
"QRFPR",1.04634763016507,-1.21709813177358,0.00449348212827746,0.029744335405
"KLK9",1.13074534068054,-3.58263521783003,0.00524170605863781,0.0333939634422956
"LCE1A",1.22185862716894,-3.53576168581672,0.00529418214901197,0.0336235778339682
"SAGE1",1.18392056492789,0.720924587285586,0.0058441037413219,0.0362459886782881
"GPX5",1.02861073878954,-3.93019026764688,0.00788769746674474,0.0450076483166623
